match_id,kickoff_time,kickoff_utc,fixture_source,group,stage,matchday,home_team,away_team,market_home_prob,market_draw_prob,market_away_prob,ds_home_odds,ds_draw_odds,ds_away_odds,best_home_odds,best_home_bookmaker,best_draw_odds,best_draw_bookmaker,best_away_odds,best_away_bookmaker,odds_available,odds_source,odds_provider,odds_last_updated_utc,bookmaker_count,available_bookmakers,model_home_prob,model_draw_prob,model_away_prob,model_probability_source,draw_context_score,draw_context_label,home_draw_utility,away_draw_utility,mutual_draw_acceptance,one_team_must_win,both_teams_draw_satisfied
WC2026-GRA-001,2026-06-11T19:00:00Z,2026-06-11T19:00:00Z,official_reference,A,Group stage,1,Mexico,South Africa,0.3333333333333333,0.3333333333333333,0.3333333333333333,,,,,,,,,,False,,,,0,,0.6767842270513711,0.2228954912379155,0.1003202817107134,historical_model,50,Medium,0.0,0.0,0.0,False,False
WC2026-GRA-002,2026-06-12T02:00:00Z,2026-06-12T02:00:00Z,official_reference,A,Group stage,1,South Korea,Czechia,0.3333333333333333,0.3333333333333333,0.3333333333333333,,,,,,,,,,False,,,,0,,0.840756259038679,0.1203627809079348,0.0388809600533862,historical_model,50,Medium,0.0,0.0,0.0,False,False
WC2026-GRA-003,2026-06-18T16:00:00Z,2026-06-18T16:00:00Z,official_reference,A,Group stage,2,Czechia,South Africa,0.3333333333333333,0.3333333333333333,0.3333333333333333,,,,,,,,,,False,,,,0,,0.1868763510180923,0.2386247708800129,0.5744988781018948,historical_model,50,Medium,0.0,0.0,0.0,False,False
WC2026-GRA-004,2026-06-19T01:00:00Z,2026-06-19T01:00:00Z,official_reference,A,Group stage,2,Mexico,South Korea,0.3333333333333333,0.3333333333333333,0.3333333333333333,,,,,,,,,,False,,,,0,,0.365857901378505,0.3095504655204075,0.3245916331010873,historical_model,50,Medium,0.0,0.0,0.0,False,False
WC2026-GRA-005,2026-06-25T01:00:00Z,2026-06-25T01:00:00Z,official_reference,A,Group stage,3,Czechia,Mexico,0.2820474556036412,0.2739889568721086,0.4439635875242501,3.4,3.5,2.16,3.4,Danske Spil,3.5,Danske Spil,2.16,Danske Spil,True,manual_csv,manual,2026-06-19 10:09:00+00:00,1,Danske Spil,0.0329883444990244,0.1295610728219493,0.8374505826790263,historical_model,50,Medium,0.0,0.0,0.0,False,False
WC2026-GRA-006,2026-06-25T01:00:00Z,2026-06-25T01:00:00Z,official_reference,A,Group stage,3,South Africa,South Korea,0.1746499631540162,0.243183492999263,0.5821665438467207,5.5,3.95,1.65,5.5,Danske Spil,3.95,Danske Spil,1.65,Danske Spil,True,manual_csv,manual,2026-06-19 10:09:00+00:00,1,Danske Spil,0.1213933471866239,0.2462123291409145,0.6323943236724616,historical_model,50,Medium,0.0,0.0,0.0,False,False
WC2026-GRB-001,2026-06-12T19:00:00Z,2026-06-12T19:00:00Z,official_reference,B,Group stage,1,Canada,Bosnia and Herzegovina,0.3333333333333333,0.3333333333333333,0.3333333333333333,,,,,,,,,,False,,,,0,,0.6300459095270731,0.2126729355671999,0.1572811549057269,historical_model,50,Medium,0.0,0.0,0.0,False,False
WC2026-GRB-002,2026-06-13T19:00:00Z,2026-06-13T19:00:00Z,official_reference,B,Group stage,1,Qatar,Switzerland,0.3333333333333333,0.3333333333333333,0.3333333333333333,,,,,,,,,,False,,,,0,,0.1155822971874004,0.2256082338691226,0.6588094689434769,historical_model,50,Medium,0.0,0.0,0.0,False,False
WC2026-GRB-003,2026-06-18T19:00:00Z,2026-06-18T19:00:00Z,official_reference,B,Group stage,2,Switzerland,Bosnia and Herzegovina,0.3333333333333333,0.3333333333333333,0.3333333333333333,,,,,,,,,,False,,,,0,,0.6998958737153516,0.1873048778187543,0.1127992484658941,historical_model,50,Medium,0.0,0.0,0.0,False,False
WC2026-GRB-004,2026-06-18T22:00:00Z,2026-06-18T22:00:00Z,official_reference,B,Group stage,2,Canada,Qatar,0.3333333333333333,0.3333333333333333,0.3333333333333333,,,,,,,,,,False,,,,0,,0.5757645829109567,0.2372881582526862,0.186947258836357,historical_model,50,Medium,0.0,0.0,0.0,False,False
WC2026-GRB-005,2026-06-24T19:00:00Z,2026-06-24T19:00:00Z,official_reference,B,Group stage,3,Switzerland,Canada,0.3903345724907063,0.3048327137546468,0.3048327137546468,2.46,3.15,3.15,2.46,Danske Spil,3.15,Danske Spil,3.15,Danske Spil,True,manual_csv,manual,2026-06-19 10:09:00+00:00,1,Danske Spil,0.4699054059046842,0.2515195385528951,0.2785750555424207,historical_model,50,Medium,0.0,0.0,0.0,False,False
WC2026-GRB-006,2026-06-24T19:00:00Z,2026-06-24T19:00:00Z,official_reference,B,Group stage,3,Bosnia and Herzegovina,Qatar,0.6710122699386504,0.191909509202454,0.1370782208588957,1.43,5.0,7.0,1.43,Danske Spil,5.0,Danske Spil,7.0,Danske Spil,True,manual_csv,manual,2026-06-19 10:09:00+00:00,1,Danske Spil,0.3503274835284266,0.270016274563167,0.3796562419084063,historical_model,50,Medium,0.0,0.0,0.0,False,False
WC2026-GRC-001,2026-06-13T22:00:00Z,2026-06-13T22:00:00Z,official_reference,C,Group stage,1,Brazil,Morocco,0.3333333333333333,0.3333333333333333,0.3333333333333333,,,,,,,,,,False,,,,0,,0.4575608084778643,0.2649364483514112,0.2775027431707245,historical_model,50,Medium,0.0,0.0,0.0,False,False
WC2026-GRC-002,2026-06-14T01:00:00Z,2026-06-14T01:00:00Z,official_reference,C,Group stage,1,Haiti,Scotland,0.3333333333333333,0.3333333333333333,0.3333333333333333,,,,,,,,,,False,,,,0,,0.1764404444603035,0.2387456684212922,0.5848138871184043,historical_model,50,Medium,0.0,0.0,0.0,False,False
WC2026-GRC-003,2026-06-19T22:00:00Z,2026-06-19T22:00:00Z,official_reference,C,Group stage,2,Scotland,Morocco,0.183206106870229,0.267175572519084,0.549618320610687,5.25,3.6,1.75,5.25,Danske Spil,3.6,Danske Spil,1.75,Danske Spil,True,manual_csv,manual,2026-06-19 10:09:00+00:00,1,Danske Spil,0.1807949803469441,0.2530617060649688,0.566143313588087,historical_model,50,Medium,0.0,0.0,0.0,False,False
WC2026-GRC-004,2026-06-20T01:00:00Z,2026-06-20T01:00:00Z,official_reference,C,Group stage,2,Brazil,Haiti,0.8695652173913043,0.0869565217391304,0.0434782608695652,1.1,11.0,22.0,1.1,Danske Spil,11.0,Danske Spil,22.0,Danske Spil,True,manual_csv,manual,2026-06-19 10:09:00+00:00,1,Danske Spil,0.8082309424200782,0.1361878307034387,0.0555812268764831,historical_model,50,Medium,0.0,0.0,0.0,False,False
WC2026-GRC-005,2026-06-24T22:00:00Z,2026-06-24T22:00:00Z,official_reference,C,Group stage,3,Scotland,Brazil,0.1322569729781988,0.2018659061246193,0.6658771208971819,7.25,4.75,1.44,7.25,Danske Spil,4.75,Danske Spil,1.44,Danske Spil,True,manual_csv,manual,2026-06-19 10:09:00+00:00,1,Danske Spil,0.1029998481219424,0.2032394842068552,0.6937606676712024,historical_model,50,Medium,0.0,0.0,0.0,False,False
WC2026-GRC-006,2026-06-24T22:00:00Z,2026-06-24T22:00:00Z,official_reference,C,Group stage,3,Morocco,Haiti,0.7440476190476191,0.1599702380952381,0.0959821428571428,1.29,6.0,10.0,1.29,Danske Spil,6.0,Danske Spil,10.0,Danske Spil,True,manual_csv,manual,2026-06-19 10:09:00+00:00,1,Danske Spil,0.7444591773726315,0.1694216618438988,0.0861191607834696,historical_model,50,Medium,0.0,0.0,0.0,False,False
WC2026-GRD-001,2026-06-13T01:00:00Z,2026-06-13T01:00:00Z,official_reference,D,Group stage,1,United States,Paraguay,0.3333333333333333,0.3333333333333333,0.3333333333333333,,,,,,,,,,False,,,,0,,0.4067974898565294,0.240007035117904,0.3531954750255666,historical_model,50,Medium,0.0,0.0,0.0,False,False
WC2026-GRD-002,2026-06-14T04:00:00Z,2026-06-14T04:00:00Z,official_reference,D,Group stage,1,Australia,Türkiye,0.3333333333333333,0.3333333333333333,0.3333333333333333,,,,,,,,,,False,,,,0,,0.3207458474678916,0.2623999347352874,0.416854217796821,historical_model,50,Medium,0.0,0.0,0.0,False,False
WC2026-GRD-003,2026-06-20T04:00:00Z,2026-06-20T04:00:00Z,official_reference,D,Group stage,2,Türkiye,Paraguay,0.4615885888060241,0.2823836072695677,0.256027803924408,2.08,3.4,3.75,2.08,Danske Spil,3.4,Danske Spil,3.75,Danske Spil,True,manual_csv,manual,2026-06-19 10:09:00+00:00,1,Danske Spil,0.4421589491623007,0.2716964338730658,0.2861446169646336,historical_model,50,Medium,0.0,0.0,0.0,False,False
WC2026-GRD-004,2026-06-19T19:00:00Z,2026-06-19T19:00:00Z,official_reference,D,Group stage,2,United States,Australia,0.5918042570121345,0.2255818579669783,0.1826138850208872,1.62,4.25,5.25,1.62,Danske Spil,4.25,Danske Spil,5.25,Danske Spil,True,manual_csv,manual,2026-06-19 10:09:00+00:00,1,Danske Spil,0.375444653213375,0.2316558004878855,0.3928995462987395,historical_model,50,Medium,0.0,0.0,0.0,False,False
WC2026-GRD-005,2026-06-26T02:00:00Z,2026-06-26T02:00:00Z,official_reference,D,Group stage,3,Türkiye,United States,0.3400208904042096,0.2681854910230385,0.3917936185727517,2.8,3.55,2.43,2.8,Danske Spil,3.55,Danske Spil,2.43,Danske Spil,True,manual_csv,manual,2026-06-19 10:09:00+00:00,1,Danske Spil,0.3936430636330829,0.2549665501532197,0.3513903862136973,historical_model,50,Medium,0.0,0.0,0.0,False,False
WC2026-GRD-006,2026-06-26T02:00:00Z,2026-06-26T02:00:00Z,official_reference,D,Group stage,3,Paraguay,Australia,0.4348657172894963,0.293032591035076,0.2721016916754276,2.19,3.25,3.5,2.19,Danske Spil,3.25,Danske Spil,3.5,Danske Spil,True,manual_csv,manual,2026-06-19 10:09:00+00:00,1,Danske Spil,0.3278705808735417,0.2581769711266652,0.4139524479997931,historical_model,50,Medium,0.0,0.0,0.0,False,False
WC2026-GRE-001,2026-06-14T17:00:00Z,2026-06-14T17:00:00Z,official_reference,E,Group stage,1,Côte d'Ivoire,Ecuador,0.3333333333333333,0.3333333333333333,0.3333333333333333,,,,,,,,,,False,,,,0,,0.2589039181363378,0.2660689720004532,0.4750271098632089,historical_model,50,Medium,0.0,0.0,0.0,False,False
WC2026-GRE-002,2026-06-14T23:00:00Z,2026-06-14T23:00:00Z,official_reference,E,Group stage,1,Germany,Curaçao,0.3333333333333333,0.3333333333333333,0.3333333333333333,,,,,,,,,,False,,,,0,,0.8838347345917983,0.0901777079909112,0.0259875574172904,historical_model,50,Medium,0.0,0.0,0.0,False,False
WC2026-GRE-003,2026-06-20T20:00:00Z,2026-06-20T20:00:00Z,official_reference,E,Group stage,2,Germany,Côte d'Ivoire,0.6180580437119313,0.2142601218201361,0.1676818344679326,1.56,4.5,5.75,1.56,Danske Spil,4.5,Danske Spil,5.75,Danske Spil,True,manual_csv,manual,2026-06-19 10:09:00+00:00,1,Danske Spil,0.6087691002622672,0.2238239630077689,0.1674069367299638,historical_model,50,Medium,0.0,0.0,0.0,False,False
WC2026-GRE-004,2026-06-21T00:00:00Z,2026-06-21T00:00:00Z,official_reference,E,Group stage,2,Ecuador,Curaçao,0.8581235697940504,0.0961098398169336,0.045766590389016,1.12,10.0,21.0,1.12,Danske Spil,10.0,Danske Spil,21.0,Danske Spil,True,manual_csv,manual,2026-06-19 10:09:00+00:00,1,Danske Spil,0.8283512256162411,0.1255143092627623,0.0461344651209965,historical_model,50,Medium,0.0,0.0,0.0,False,False
WC2026-GRE-005,2026-06-25T20:00:00Z,2026-06-25T20:00:00Z,official_reference,E,Group stage,3,Curaçao,Côte d'Ivoire,0.0528284244974286,0.1056568489948573,0.8415147265077139,18.0,9.0,1.13,18.0,Danske Spil,9.0,Danske Spil,1.13,Danske Spil,True,manual_csv,manual,2026-06-19 10:09:00+00:00,1,Danske Spil,0.0865696012362119,0.1764624333366525,0.7369679654271355,historical_model,50,Medium,0.0,0.0,0.0,False,False
WC2026-GRE-006,2026-06-25T20:00:00Z,2026-06-25T20:00:00Z,official_reference,E,Group stage,3,Ecuador,Germany,0.1902237926972909,0.2502944640753828,0.5594817432273262,5.0,3.8,1.7,5.0,Danske Spil,3.8,Danske Spil,1.7,Danske Spil,True,manual_csv,manual,2026-06-19 10:09:00+00:00,1,Danske Spil,0.2097505212546959,0.2581664376575091,0.532083041087795,historical_model,50,Medium,0.0,0.0,0.0,False,False
WC2026-GRF-001,2026-06-14T20:00:00Z,2026-06-14T20:00:00Z,official_reference,F,Group stage,1,Netherlands,Japan,0.3333333333333333,0.3333333333333333,0.3333333333333333,,,,,,,,,,False,,,,0,,0.3669961996030177,0.2903411815931819,0.3426626188038003,historical_model,50,Medium,0.0,0.0,0.0,False,False
WC2026-GRF-002,2026-06-15T02:00:00Z,2026-06-15T02:00:00Z,official_reference,F,Group stage,1,Sweden,Tunisia,0.3333333333333333,0.3333333333333333,0.3333333333333333,,,,,,,,,,False,,,,0,,0.4537446766929691,0.2669533980888145,0.2793019252182163,historical_model,50,Medium,0.0,0.0,0.0,False,False
WC2026-GRF-003,2026-06-20T17:00:00Z,2026-06-20T17:00:00Z,official_reference,F,Group stage,2,Netherlands,Sweden,0.5364874192131518,0.2513020016314237,0.2122105791554244,1.78,3.8,4.5,1.78,Danske Spil,3.8,Danske Spil,4.5,Danske Spil,True,manual_csv,manual,2026-06-19 10:09:00+00:00,1,Danske Spil,0.5477891577007926,0.2485820641549306,0.2036287781442767,historical_model,50,Medium,0.0,0.0,0.0,False,False
WC2026-GRF-004,2026-06-21T04:00:00Z,2026-06-21T04:00:00Z,official_reference,F,Group stage,2,Tunisia,Japan,0.1522322517687241,0.2378628933886313,0.6099048548426446,6.25,4.0,1.56,6.25,Danske Spil,4.0,Danske Spil,1.56,Danske Spil,True,manual_csv,manual,2026-06-19 10:09:00+00:00,1,Danske Spil,0.1274070982895702,0.2453718807316646,0.6272210209787652,historical_model,50,Medium,0.0,0.0,0.0,False,False
WC2026-GRF-005,2026-06-25T23:00:00Z,2026-06-25T23:00:00Z,official_reference,F,Group stage,3,Japan,Sweden,0.4392764857881137,0.2803617571059432,0.2803617571059432,2.17,3.4,3.4,2.17,Danske Spil,3.4,Danske Spil,3.4,Danske Spil,True,manual_csv,manual,2026-06-19 10:09:00+00:00,1,Danske Spil,0.5149896856332913,0.2712572263251679,0.2137530880415408,historical_model,50,Medium,0.0,0.0,0.0,False,False
WC2026-GRF-006,2026-06-25T23:00:00Z,2026-06-25T23:00:00Z,official_reference,F,Group stage,3,Tunisia,Netherlands,0.1090529611270545,0.1734933472475867,0.7174536916253587,8.75,5.5,1.33,8.75,Danske Spil,5.5,Danske Spil,1.33,Danske Spil,True,manual_csv,manual,2026-06-19 10:09:00+00:00,1,Danske Spil,0.1080626687451789,0.2319375150666144,0.6599998161882068,historical_model,50,Medium,0.0,0.0,0.0,False,False
WC2026-GRG-001,2026-06-16T01:00:00Z,2026-06-16T01:00:00Z,official_reference,G,Group stage,1,IR Iran,New Zealand,0.3333333333333333,0.3333333333333333,0.3333333333333333,,,,,,,,,,False,,,,0,,0.7567908773308696,0.1504257058599954,0.0927834168091349,historical_model,50,Medium,0.0,0.0,0.0,False,False
WC2026-GRG-002,2026-06-15T19:00:00Z,2026-06-15T19:00:00Z,official_reference,G,Group stage,1,Belgium,Egypt,0.3333333333333333,0.3333333333333333,0.3333333333333333,,,,,,,,,,False,,,,0,,0.5380062874916114,0.2449385689074339,0.2170551436009547,historical_model,50,Medium,0.0,0.0,0.0,False,False
WC2026-GRG-003,2026-06-21T19:00:00Z,2026-06-21T19:00:00Z,official_reference,G,Group stage,2,Belgium,IR Iran,0.6688256829062236,0.2027597859757814,0.1284145311179949,1.44,4.75,7.5,1.44,Danske Spil,4.75,Danske Spil,7.5,Danske Spil,True,manual_csv,manual,2026-06-19 10:09:00+00:00,1,Danske Spil,0.4687497932422459,0.2440972489658998,0.2871529577918542,historical_model,50,Medium,0.0,0.0,0.0,False,False
WC2026-GRG-004,2026-06-22T01:00:00Z,2026-06-22T01:00:00Z,official_reference,G,Group stage,2,New Zealand,Egypt,0.1740321844021169,0.2423232947371248,0.5836445208607581,5.5,3.95,1.64,5.5,Danske Spil,3.95,Danske Spil,1.64,Danske Spil,True,manual_csv,manual,2026-06-19 10:09:00+00:00,1,Danske Spil,0.1377935414910877,0.2130064921939735,0.6491999663149387,historical_model,50,Medium,0.0,0.0,0.0,False,False
WC2026-GRG-005,2026-06-27T03:00:00Z,2026-06-27T03:00:00Z,official_reference,G,Group stage,3,Egypt,IR Iran,0.4523112608383498,0.3029767493234661,0.2447119898381841,2.11,3.15,3.9,2.11,Danske Spil,3.15,Danske Spil,3.9,Danske Spil,True,manual_csv,manual,2026-06-19 10:09:00+00:00,1,Danske Spil,0.271437125944596,0.2919560044050197,0.4366068696503843,historical_model,50,Medium,0.0,0.0,0.0,False,False
WC2026-GRG-006,2026-06-27T03:00:00Z,2026-06-27T03:00:00Z,official_reference,G,Group stage,3,New Zealand,Belgium,0.0793509006997171,0.1464939705225547,0.7741551287777281,12.0,6.5,1.23,12.0,Danske Spil,6.5,Danske Spil,1.23,Danske Spil,True,manual_csv,manual,2026-06-19 10:09:00+00:00,1,Danske Spil,0.0543344236818242,0.1376722396813401,0.8079933366368357,historical_model,50,Medium,0.0,0.0,0.0,False,False
WC2026-GRH-001,2026-06-15T22:00:00Z,2026-06-15T22:00:00Z,official_reference,H,Group stage,1,Saudi Arabia,Uruguay,0.3333333333333333,0.3333333333333333,0.3333333333333333,,,,,,,,,,False,,,,0,,0.133250800979107,0.2354425490701082,0.6313066499507848,historical_model,50,Medium,0.0,0.0,0.0,False,False
WC2026-GRH-002,2026-06-15T16:00:00Z,2026-06-15T16:00:00Z,official_reference,H,Group stage,1,Spain,Cabo Verde,0.3333333333333333,0.3333333333333333,0.3333333333333333,,,,,,,,,,False,,,,0,,0.884186786830352,0.0909136419784524,0.0248995711911955,historical_model,50,Medium,0.0,0.0,0.0,False,False
WC2026-GRH-003,2026-06-21T22:00:00Z,2026-06-21T22:00:00Z,official_reference,H,Group stage,2,Uruguay,Cabo Verde,0.6410923276983095,0.2262678803641092,0.1326397919375812,1.5,4.25,7.25,1.5,Danske Spil,4.25,Danske Spil,7.25,Danske Spil,True,manual_csv,manual,2026-06-19 10:09:00+00:00,1,Danske Spil,0.7617496088506568,0.1619896498814169,0.0762607412679262,historical_model,50,Medium,0.0,0.0,0.0,False,False
WC2026-GRH-004,2026-06-21T16:00:00Z,2026-06-21T16:00:00Z,official_reference,H,Group stage,2,Spain,Saudi Arabia,0.8626186100588831,0.095750665716536,0.0416307242245808,1.11,10.0,23.0,1.11,Danske Spil,10.0,Danske Spil,23.0,Danske Spil,True,manual_csv,manual,2026-06-19 10:09:00+00:00,1,Danske Spil,0.7878731041399687,0.1528257816072267,0.0593011142528045,historical_model,50,Medium,0.0,0.0,0.0,False,False
WC2026-GRH-005,2026-06-27T00:00:00Z,2026-06-27T00:00:00Z,official_reference,H,Group stage,3,Cabo Verde,Saudi Arabia,0.339265850945495,0.271412680756396,0.389321468298109,2.8,3.5,2.44,2.8,Danske Spil,3.5,Danske Spil,2.44,Danske Spil,True,manual_csv,manual,2026-06-19 10:09:00+00:00,1,Danske Spil,0.2358275565708561,0.2266788823710371,0.5374935610581068,historical_model,50,Medium,0.0,0.0,0.0,False,False
WC2026-GRH-006,2026-06-27T00:00:00Z,2026-06-27T00:00:00Z,official_reference,H,Group stage,3,Uruguay,Spain,0.1662410464029897,0.2249143568981625,0.6088445966988477,5.75,4.25,1.57,5.75,Danske Spil,4.25,Danske Spil,1.57,Danske Spil,True,manual_csv,manual,2026-06-19 10:09:00+00:00,1,Danske Spil,0.1480735878272685,0.2597664104706374,0.592160001702094,historical_model,50,Medium,0.0,0.0,0.0,False,False
WC2026-GRI-001,2026-06-16T19:00:00Z,2026-06-16T19:00:00Z,official_reference,I,Group stage,1,France,Senegal,0.3333333333333333,0.3333333333333333,0.3333333333333333,,,,,,,,,,False,,,,0,,0.5924355233777997,0.2324774127569838,0.1750870638652163,historical_model,50,Medium,0.0,0.0,0.0,False,False
WC2026-GRI-002,2026-06-16T22:00:00Z,2026-06-16T22:00:00Z,official_reference,I,Group stage,1,Iraq,Norway,0.3333333333333333,0.3333333333333333,0.3333333333333333,,,,,,,,,,False,,,,0,,0.2113498530067962,0.2803211723792884,0.5083289746139155,historical_model,50,Medium,0.0,0.0,0.0,False,False
WC2026-GRI-003,2026-06-23T00:00:00Z,2026-06-23T00:00:00Z,official_reference,I,Group stage,2,Norway,Senegal,0.4078883612753173,0.2778369997092741,0.3142746390154085,2.35,3.45,3.05,2.35,Danske Spil,3.45,Danske Spil,3.05,Danske Spil,True,manual_csv,manual,2026-06-19 10:09:00+00:00,1,Danske Spil,0.3628675740930134,0.2795772954944835,0.357555130412503,historical_model,50,Medium,0.0,0.0,0.0,False,False
WC2026-GRI-004,2026-06-22T21:00:00Z,2026-06-22T21:00:00Z,official_reference,I,Group stage,2,France,Iraq,0.879735196763516,0.0833835969106289,0.0368812063258551,1.09,11.5,26.0,1.09,Danske Spil,11.5,Danske Spil,26.0,Danske Spil,True,manual_csv,manual,2026-06-19 10:09:00+00:00,1,Danske Spil,0.6961584525529423,0.2021503130572051,0.1016912343898526,historical_model,50,Medium,0.0,0.0,0.0,False,False
WC2026-GRI-005,2026-06-26T19:00:00Z,2026-06-26T19:00:00Z,official_reference,I,Group stage,3,Norway,France,0.2242941389648469,0.2576351596217837,0.5180707014133694,4.25,3.7,1.84,4.25,Danske Spil,3.7,Danske Spil,1.84,Danske Spil,True,manual_csv,manual,2026-06-19 10:09:00+00:00,1,Danske Spil,0.148835365366587,0.2367693899476645,0.6143952446857485,historical_model,50,Medium,0.0,0.0,0.0,False,False
WC2026-GRI-006,2026-06-26T19:00:00Z,2026-06-26T19:00:00Z,official_reference,I,Group stage,3,Senegal,Iraq,0.7177033492822966,0.1818181818181818,0.1004784688995215,1.33,5.25,9.5,1.33,Danske Spil,5.25,Danske Spil,9.5,Danske Spil,True,manual_csv,manual,2026-06-19 10:09:00+00:00,1,Danske Spil,0.4860597995054977,0.2698950897663916,0.2440451107281106,historical_model,50,Medium,0.0,0.0,0.0,False,False
WC2026-GRJ-001,2026-06-17T01:00:00Z,2026-06-17T01:00:00Z,official_reference,J,Group stage,1,Argentina,Algeria,0.3333333333333333,0.3333333333333333,0.3333333333333333,,,,,,,,,,False,,,,0,,0.6384718837039464,0.2366113505903418,0.1249167657057117,historical_model,50,Medium,0.0,0.0,0.0,False,False
WC2026-GRJ-002,2026-06-17T04:00:00Z,2026-06-17T04:00:00Z,official_reference,J,Group stage,1,Austria,Jordan,0.3333333333333333,0.3333333333333333,0.3333333333333333,,,,,,,,,,False,,,,0,,0.6282645296837502,0.2231196116075487,0.148615858708701,historical_model,50,Medium,0.0,0.0,0.0,False,False
WC2026-GRJ-003,2026-06-22T17:00:00Z,2026-06-22T17:00:00Z,official_reference,J,Group stage,2,Argentina,Austria,0.5928599046268849,0.2401082613738884,0.1670318339992267,1.62,4.0,5.75,1.62,Danske Spil,4.0,Danske Spil,5.75,Danske Spil,True,manual_csv,manual,2026-06-19 10:09:00+00:00,1,Danske Spil,0.647836573484009,0.2310395319793407,0.1211238945366502,historical_model,50,Medium,0.0,0.0,0.0,False,False
WC2026-GRJ-004,2026-06-23T03:00:00Z,2026-06-23T03:00:00Z,official_reference,J,Group stage,2,Jordan,Algeria,0.1733083712222519,0.2382990104305964,0.5883926183471516,5.5,4.0,1.62,5.5,Danske Spil,4.0,Danske Spil,1.62,Danske Spil,True,manual_csv,manual,2026-06-19 10:09:00+00:00,1,Danske Spil,0.1297548608019252,0.2027093005669857,0.667535838631089,historical_model,50,Medium,0.0,0.0,0.0,False,False
WC2026-GRJ-005,2026-06-28T02:00:00Z,2026-06-28T02:00:00Z,official_reference,J,Group stage,3,Algeria,Austria,0.3175768331047834,0.3073324191336614,0.3750907477615552,3.0,3.1,2.54,3.0,Danske Spil,3.1,Danske Spil,2.54,Danske Spil,True,manual_csv,manual,2026-06-19 10:09:00+00:00,1,Danske Spil,0.3606833574949059,0.2808818568187413,0.3584347856863527,historical_model,50,Medium,0.0,0.0,0.0,False,False
WC2026-GRJ-006,2026-06-28T02:00:00Z,2026-06-28T02:00:00Z,official_reference,J,Group stage,3,Jordan,Argentina,0.0762410549529681,0.1361447409874431,0.7876142040595887,12.5,7.0,1.21,12.5,Danske Spil,7.0,Danske Spil,1.21,Danske Spil,True,manual_csv,manual,2026-06-19 10:09:00+00:00,1,Danske Spil,0.0260035966821062,0.1135622513500611,0.8604341519678327,historical_model,50,Medium,0.0,0.0,0.0,False,False
WC2026-GRK-001,2026-06-17T17:00:00Z,2026-06-17T17:00:00Z,official_reference,K,Group stage,1,Portugal,Congo DR,0.3333333333333333,0.3333333333333333,0.3333333333333333,,,,,,,,,,False,,,,0,,0.7373970276913944,0.178302009313144,0.0843009629954616,historical_model,50,Medium,0.0,0.0,0.0,False,False
WC2026-GRK-002,2026-06-18T02:00:00Z,2026-06-18T02:00:00Z,official_reference,K,Group stage,1,Uzbekistan,Colombia,0.3333333333333333,0.3333333333333333,0.3333333333333333,,,,,,,,,,False,,,,0,,0.1452926725056239,0.2125439798113454,0.6421633476830306,historical_model,50,Medium,0.0,0.0,0.0,False,False
WC2026-GRK-003,2026-06-23T17:00:00Z,2026-06-23T17:00:00Z,official_reference,K,Group stage,2,Portugal,Uzbekistan,0.7885615251299826,0.1374350086655112,0.074003466204506,1.22,7.0,13.0,1.22,Danske Spil,7.0,Danske Spil,13.0,Danske Spil,True,manual_csv,manual,2026-06-19 10:09:00+00:00,1,Danske Spil,0.717657850604436,0.1705757613443534,0.1117663880512106,historical_model,50,Medium,0.0,0.0,0.0,False,False
WC2026-GRK-004,2026-06-24T02:00:00Z,2026-06-24T02:00:00Z,official_reference,K,Group stage,2,Colombia,Congo DR,0.636533832575555,0.2261567263974324,0.1373094410270125,1.51,4.25,7.0,1.51,Danske Spil,4.25,Danske Spil,7.0,Danske Spil,True,manual_csv,manual,2026-06-19 10:09:00+00:00,1,Danske Spil,0.6946054808944578,0.1991285158943243,0.1062660032112178,historical_model,50,Medium,0.0,0.0,0.0,False,False
WC2026-GRK-005,2026-06-27T23:30:00Z,2026-06-27T23:30:00Z,official_reference,K,Group stage,3,Colombia,Portugal,0.2722192655667908,0.2887174028738691,0.4390633315593401,3.5,3.3,2.17,3.5,Danske Spil,3.3,Danske Spil,2.17,Danske Spil,True,manual_csv,manual,2026-06-19 10:09:00+00:00,1,Danske Spil,0.3030545761652,0.2597043752185193,0.4372410486162807,historical_model,50,Medium,0.0,0.0,0.0,False,False
WC2026-GRK-006,2026-06-27T23:30:00Z,2026-06-27T23:30:00Z,official_reference,K,Group stage,3,Congo DR,Uzbekistan,0.4504084449252116,0.2728188294975568,0.2767727255772315,2.12,3.5,3.45,2.12,Danske Spil,3.5,Danske Spil,3.45,Danske Spil,True,manual_csv,manual,2026-06-19 10:09:00+00:00,1,Danske Spil,0.3239256712422192,0.2678702056470696,0.4082041231107112,historical_model,50,Medium,0.0,0.0,0.0,False,False
WC2026-GRL-001,2026-06-17T23:00:00Z,2026-06-17T23:00:00Z,official_reference,L,Group stage,1,Ghana,Panama,0.3333333333333333,0.3333333333333333,0.3333333333333333,,,,,,,,,,False,,,,0,,0.2629378641045556,0.232483453576122,0.5045786823193223,historical_model,50,Medium,0.0,0.0,0.0,False,False
WC2026-GRL-002,2026-06-17T20:00:00Z,2026-06-17T20:00:00Z,official_reference,L,Group stage,1,England,Croatia,0.3333333333333333,0.3333333333333333,0.3333333333333333,,,,,,,,,,False,,,,0,,0.5931849862957115,0.2481268872939197,0.1586881264103688,historical_model,50,Medium,0.0,0.0,0.0,False,False
WC2026-GRL-003,2026-06-23T20:00:00Z,2026-06-23T20:00:00Z,official_reference,L,Group stage,2,England,Ghana,0.7789095266626722,0.1473936488915518,0.0736968244457759,1.23,6.5,13.0,1.23,Danske Spil,6.5,Danske Spil,13.0,Danske Spil,True,manual_csv,manual,2026-06-19 10:09:00+00:00,1,Danske Spil,0.7994960348992042,0.1559274283977324,0.0445765367030634,historical_model,50,Medium,0.0,0.0,0.0,False,False
WC2026-GRL-004,2026-06-23T23:00:00Z,2026-06-23T23:00:00Z,official_reference,L,Group stage,2,Panama,Croatia,0.154392501600978,0.2270477964720265,0.6185597019269954,6.25,4.25,1.56,6.25,Danske Spil,4.25,Danske Spil,1.56,Danske Spil,True,manual_csv,manual,2026-06-19 10:09:00+00:00,1,Danske Spil,0.2245470941132935,0.2128955783671507,0.5625573275195559,historical_model,50,Medium,0.0,0.0,0.0,False,False
WC2026-GRL-005,2026-06-27T21:00:00Z,2026-06-27T21:00:00Z,official_reference,L,Group stage,3,Panama,England,0.0949081048508587,0.1518529677613739,0.7532389273877673,10.0,6.25,1.26,10.0,Danske Spil,6.25,Danske Spil,1.26,Danske Spil,True,manual_csv,manual,2026-06-19 10:09:00+00:00,1,Danske Spil,0.0631570810367306,0.1712956453349814,0.765547273628288,historical_model,50,Medium,0.0,0.0,0.0,False,False
WC2026-GRL-006,2026-06-27T21:00:00Z,2026-06-27T21:00:00Z,official_reference,L,Group stage,3,Croatia,Ghana,0.5940626430392991,0.2406329693323742,0.1653043876283267,1.6,3.95,5.75,1.6,Danske Spil,3.95,Danske Spil,5.75,Danske Spil,True,manual_csv,manual,2026-06-19 10:09:00+00:00,1,Danske Spil,0.6886337208981143,0.1854581960811363,0.1259080830207493,historical_model,50,Medium,0.0,0.0,0.0,False,False
WC2026-R32-001,2026-06-28T19:00:00Z,2026-06-28T19:00:00Z,official_reference,Knockout,Round of 32,4,South Africa,Canada,0.3333333333333333,0.3333333333333333,0.3333333333333333,,,,,,,,,,False,,,,0,,0.2298207018001072,0.2656591217726489,0.5045201764272439,historical_model,50,Medium,0.0,0.0,0.0,False,False
WC2026-R32-002,2026-06-29T17:00:00Z,2026-06-29T17:00:00Z,official_reference,Knockout,Round of 32,4,Brazil,Japan,0.5437940435929143,0.263702864975194,0.1925030914318916,1.77,3.65,5.0,1.77,Danske Spil,3.65,Danske Spil,5.0,Danske Spil,True,manual_csv,manual,2026-06-29 15:26:00+00:00,1,Danske Spil,0.4496287328157589,0.2645405996639172,0.2858306675203239,historical_model,50,Medium,0.0,0.0,0.0,False,False
WC2026-R32-003,2026-06-29T20:30:00Z,2026-06-29T20:30:00Z,official_reference,Knockout,Round of 32,4,Germany,Paraguay,0.6928697404887881,0.1912320483749054,0.1158982111363063,1.38,5.0,8.25,1.38,Danske Spil,5.0,Danske Spil,8.25,Danske Spil,True,manual_csv,manual,2026-06-29 15:26:00+00:00,1,Danske Spil,0.6267671260631374,0.2162237618519203,0.1570091120849422,historical_model,50,Medium,0.0,0.0,0.0,False,False
WC2026-R32-004,2026-06-30T01:00:00Z,2026-06-30T01:00:00Z,official_reference,Knockout,Round of 32,4,Netherlands,Morocco,0.4134177410638462,0.3044854473867057,0.282096811549448,2.32,3.15,3.4,2.32,Danske Spil,3.15,Danske Spil,3.4,Danske Spil,True,manual_csv,manual,2026-06-29 15:26:00+00:00,1,Danske Spil,0.3746224843928502,0.2916725285456092,0.3337049870615406,historical_model,50,Medium,0.0,0.0,0.0,False,False
WC2026-R32-005,2026-06-30T17:00:00Z,2026-06-30T17:00:00Z,official_reference,Knockout,Round of 32,4,Côte d'Ivoire,Norway,0.2627332233323058,0.2739932186179761,0.4632735580497181,3.65,3.5,2.07,3.65,Danske Spil,3.5,Danske Spil,2.07,Danske Spil,True,manual_csv,manual,2026-06-29 15:26:00+00:00,1,Danske Spil,0.2769325854527854,0.2709282143487281,0.4521392001984864,historical_model,50,Medium,0.0,0.0,0.0,False,False
WC2026-R32-006,2026-06-30T21:00:00Z,2026-06-30T21:00:00Z,official_reference,Knockout,Round of 32,4,France,Sweden,0.7503001200480193,0.1536614645858343,0.0960384153661464,1.28,6.25,10.0,1.28,Danske Spil,6.25,Danske Spil,10.0,Danske Spil,True,manual_csv,manual,2026-06-29 15:26:00+00:00,1,Danske Spil,0.6221629395669578,0.2178155157027227,0.1600215447303195,historical_model,50,Medium,0.0,0.0,0.0,False,False
WC2026-R32-007,2026-07-01T01:00:00Z,2026-07-01T01:00:00Z,official_reference,Knockout,Round of 32,4,Mexico,Ecuador,0.4260527056175561,0.324955453437119,0.2489918409453249,2.25,2.95,3.85,2.25,Danske Spil,2.95,Danske Spil,3.85,Danske Spil,True,manual_csv,manual,2026-06-29 15:26:00+00:00,1,Danske Spil,0.4140867158391466,0.2923935822824745,0.2935197018783787,historical_model,50,Medium,0.0,0.0,0.0,False,False
WC2026-R32-008,2026-07-01T16:00:00Z,2026-07-01T16:00:00Z,official_reference,Knockout,Round of 32,4,England,Congo DR,0.7453672333028902,0.1672215184279527,0.0874112482691571,1.29,5.75,11.0,1.29,Danske Spil,5.75,Danske Spil,11.0,Danske Spil,True,manual_csv,manual,2026-06-29 15:26:00+00:00,1,Danske Spil,0.7305347938646214,0.2018268430347861,0.0676383631005924,historical_model,50,Medium,0.0,0.0,0.0,False,False
WC2026-R32-009,2026-07-01T19:00:00Z,2026-07-01T19:00:00Z,official_reference,Knockout,Round of 32,4,Belgium,Senegal,0.431525037936267,0.2947647951441578,0.2737101669195751,2.22,3.25,3.5,2.22,Danske Spil,3.25,Danske Spil,3.5,Danske Spil,True,manual_csv,manual,2026-06-29 15:26:00+00:00,1,Danske Spil,0.5334959418476797,0.2344773616975275,0.2320266964547928,historical_model,50,Medium,0.0,0.0,0.0,False,False
WC2026-R32-010,2026-07-02T00:00:00Z,2026-07-02T00:00:00Z,official_reference,Knockout,Round of 32,4,United States,Bosnia and Herzegovina,0.6913311266602422,0.1921900532115473,0.1164788201282105,1.39,5.0,8.25,1.39,Danske Spil,5.0,Danske Spil,8.25,Danske Spil,True,manual_csv,manual,2026-06-29 15:26:00+00:00,1,Danske Spil,0.6487725129638698,0.1900887563266389,0.1611387307094911,historical_model,50,Medium,0.0,0.0,0.0,False,False
WC2026-R32-011,2026-07-02T19:00:00Z,2026-07-02T19:00:00Z,official_reference,Knockout,Round of 32,4,Spain,Austria,0.7195571955719557,0.1822878228782287,0.0981549815498155,1.33,5.25,9.75,1.33,Danske Spil,5.25,Danske Spil,9.75,Danske Spil,True,manual_csv,manual,2026-06-29 15:26:00+00:00,1,Danske Spil,0.6046953294994943,0.2374376653826276,0.157867005117878,historical_model,50,Medium,0.0,0.0,0.0,False,False
WC2026-R32-012,2026-07-02T23:00:00Z,2026-07-02T23:00:00Z,official_reference,Knockout,Round of 32,4,Portugal,Croatia,0.5254424778761062,0.2732300884955752,0.2013274336283186,1.82,3.5,4.75,1.82,Danske Spil,3.5,Danske Spil,4.75,Danske Spil,True,manual_csv,manual,2026-06-29 15:26:00+00:00,1,Danske Spil,0.5894768614831235,0.2158078671188706,0.1947152713980059,historical_model,50,Medium,0.0,0.0,0.0,False,False
WC2026-R32-013,2026-07-03T03:00:00Z,2026-07-03T03:00:00Z,official_reference,Knockout,Round of 32,4,Switzerland,Algeria,0.4690360796984383,0.28562197092084,0.2453419493807216,2.04,3.35,3.9,2.04,Danske Spil,3.35,Danske Spil,3.9,Danske Spil,True,manual_csv,manual,2026-06-29 15:26:00+00:00,1,Danske Spil,0.33803093035678,0.2781088967840692,0.3838601728591507,historical_model,50,Medium,0.0,0.0,0.0,False,False
WC2026-R32-014,2026-07-03T18:00:00Z,2026-07-03T18:00:00Z,official_reference,Knockout,Round of 32,4,Australia,Egypt,0.2957510212942314,0.3258273963411024,0.3784215823646661,3.25,2.95,2.54,3.25,Danske Spil,2.95,Danske Spil,2.54,Danske Spil,True,manual_csv,manual,2026-06-29 15:26:00+00:00,1,Danske Spil,0.3437154625231671,0.279332492658073,0.3769520448187599,historical_model,50,Medium,0.0,0.0,0.0,False,False
WC2026-R32-015,2026-07-03T22:00:00Z,2026-07-03T22:00:00Z,official_reference,Knockout,Round of 32,4,Argentina,Cabo Verde,0.8077544426494345,0.1281637049003769,0.0640818524501884,1.19,7.5,15.0,1.19,Danske Spil,7.5,Danske Spil,15.0,Danske Spil,True,manual_csv,manual,2026-06-29 15:26:00+00:00,1,Danske Spil,0.8980238780714346,0.0838650005956892,0.0181111213328762,historical_model,50,Medium,0.0,0.0,0.0,False,False
WC2026-R32-016,2026-07-04T01:30:00Z,2026-07-04T01:30:00Z,official_reference,Knockout,Round of 32,4,Colombia,Ghana,0.6199058661462519,0.2386637584663069,0.1414303753874411,1.54,4.0,6.75,1.54,Danske Spil,4.0,Danske Spil,6.75,Danske Spil,True,manual_csv,manual,2026-06-29 15:26:00+00:00,1,Danske Spil,0.7724951230474213,0.1563360654982573,0.0711688114543214,historical_model,50,Medium,0.0,0.0,0.0,False,False
